group,gender,spk_id,user_id,batch_id,audio_id,sentence,audio,duration_seconds
NF,F,Spk7,U_4650715fbd,800_825,Nyanja_NF_Spk7_U_4650715fbd_Utterance_1,nthawi imene anali kumwa tiii anali osakondwa ndipo analinso cete kotero kuti cakudya cinangopita cosagwirida/cosadyedwa ndi wina mwa iwo atatu,Nyanja_NF_Spk7_U_4650715fbd_Utterance_1_800_825.wav,33.708
NF,F,Spk7,U_4650715fbd,800_825,Nyanja_NF_Spk7_U_4650715fbd_Utterance_2,ndipo izi zonse zizatsatira ukapolo wanu mu njira imodzi-modzi,Nyanja_NF_Spk7_U_4650715fbd_Utterance_2_800_825.wav,10.875
NF,F,Spk7,U_4650715fbd,800_825,Nyanja_NF_Spk7_U_4650715fbd_Utterance_3,koma ngati zili tero kusankha kwa amuna kwa mai milner sikuzapangitsa ine kusanka anga,Nyanja_NF_Spk7_U_4650715fbd_Utterance_3_800_825.wav,10.322
NF,F,Spk7,U_4650715fbd,800_825,Nyanja_NF_Spk7_U_4650715fbd_Utterance_4,tsika iwe khumbi laling'ono ndipo ukhale mumlengalenga pa maso pa thelo,Nyanja_NF_Spk7_U_4650715fbd_Utterance_4_800_825.wav,7.738
NF,F,Spk7,U_4650715fbd,800_825,Nyanja_NF_Spk7_U_4650715fbd_Utterance_5,atagwiridwa ndi za kumtima kwace leocadi anapanga cizindikiro ku makolo ace kuti iye anafunisisa kuti akhale nao ekha,Nyanja_NF_Spk7_U_4650715fbd_Utterance_5_800_825.wav,15.982
NF,F,Spk7,U_4650715fbd,800_825,Nyanja_NF_Spk7_U_4650715fbd_Utterance_6,sitero mosiyana ndi zimene muganiza ndinu amene mubvomerezana kwambiri ndi ine,Nyanja_NF_Spk7_U_4650715fbd_Utterance_6_800_825.wav,8.782
NF,F,Spk7,U_4650715fbd,800_825,Nyanja_NF_Spk7_U_4650715fbd_Utterance_7,atsilikari anapeza anthu mu umphawi nawasiya ndi cuuma ca mbiri,Nyanja_NF_Spk7_U_4650715fbd_Utterance_7_800_825.wav,7.601
NF,F,Spk7,U_4650715fbd,800_825,Nyanja_NF_Spk7_U_4650715fbd_Utterance_8,kapitawo martini anati ndizakupatsa mfuti yaing'ono kuti ikuthandize kuziteteza ngati zinthu zafika pobvuta,Nyanja_NF_Spk7_U_4650715fbd_Utterance_8_800_825.wav,9.411
NF,F,Spk7,U_4650715fbd,800_825,Nyanja_NF_Spk7_U_4650715fbd_Utterance_9,ndithudi zimene sizingatheke ndi kukhala opanda mantha pa nkhondo ziyenera kucitidwa mozungulila adani,Nyanja_NF_Spk7_U_4650715fbd_Utterance_9_800_825.wav,51.376
NF,F,Spk7,U_4650715fbd,800_825,Nyanja_NF_Spk7_U_4650715fbd_Utterance_10,akaucita zinthu ngati mwina sanali kutiyembekezera,Nyanja_NF_Spk7_U_4650715fbd_Utterance_10_800_825.wav,5.321
NF,F,Spk7,U_4650715fbd,800_825,Nyanja_NF_Spk7_U_4650715fbd_Utterance_11,ali kucita ngati mwina sanali kutiyembekezera,Nyanja_NF_Spk7_U_4650715fbd_Utterance_11_800_825.wav,4.916
NF,F,Spk7,U_4650715fbd,800_825,Nyanja_NF_Spk7_U_4650715fbd_Utterance_12,ndikuopa poti pano palibe zizindikiro zace,Nyanja_NF_Spk7_U_4650715fbd_Utterance_12_800_825.wav,4.31
NF,F,Spk7,U_4650715fbd,800_825,Nyanja_NF_Spk7_U_4650715fbd_Utterance_13,bwato idakwedzedwa pa maphiri a madzi naponyedwa pansi pa mtunda wa ma fathomu makhumi awiri,Nyanja_NF_Spk7_U_4650715fbd_Utterance_13_800_825.wav,10.407
NF,F,Spk7,U_4650715fbd,800_825,Nyanja_NF_Spk7_U_4650715fbd_Utterance_14,akazi ace anaikidwa pa mbali yamanda ace ndipo ci malata coyera cimene adalembapo zodziwitsira manda ao cimaoneka mong'animira m'minda ya tiligu,Nyanja_NF_Spk7_U_4650715fbd_Utterance_14_800_825.wav,18.505
NF,F,Spk7,U_4650715fbd,800_825,Nyanja_NF_Spk7_U_4650715fbd_Utterance_15,mwina dinso ya mphatso ndi cifundo kuwonetsa zipatso ndi golide opangidwa,Nyanja_NF_Spk7_U_4650715fbd_Utterance_15_800_825.wav,8.479
NF,F,Spk7,U_4650715fbd,800_825,Nyanja_NF_Spk7_U_4650715fbd_Utterance_16,kambirimbiri ndinali kunva iye akulankhula pa inu mu njira imodzi-modziyi,Nyanja_NF_Spk7_U_4650715fbd_Utterance_16_800_825.wav,7.844
NF,F,Spk7,U_4650715fbd,800_825,Nyanja_NF_Spk7_U_4650715fbd_Utterance_17,mbuya wanga kalawidwe k/zosanka za mai milner sizoipa koma ndi zabwino/kwabwino kopoosa,Nyanja_NF_Spk7_U_4650715fbd_Utterance_17_800_825.wav,9.011
NF,F,Spk7,U_4650715fbd,800_825,Nyanja_NF_Spk7_U_4650715fbd_Utterance_18,iye anali ndi mtima wabwino ndipo wacikondi anatero beti ndipo ku khala mcikondi naye sicinaletse kuona/kuwerenga zoipa zimene angacite,Nyanja_NF_Spk7_U_4650715fbd_Utterance_18_800_825.wav,13.814
NF,F,Spk7,U_4650715fbd,800_825,Nyanja_NF_Spk7_U_4650715fbd_Utterance_19,mwadzidzidzi gulu la ichthyosaurus ndi plesiosarus inangosowa pansipo itangosiya kabvumba/msokonezo ukuoneka m'madzi,Nyanja_NF_Spk7_U_4650715fbd_Utterance_19_800_825.wav,15.079
NF,F,Spk7,U_4650715fbd,800_825,Nyanja_NF_Spk7_U_4650715fbd_Utterance_20,unali utalankhula za zoona pamene siunabvomereze ambrose anayamba usamakoka ndi yohane jago fodya wace uzakupha,Nyanja_NF_Spk7_U_4650715fbd_Utterance_20_800_825.wav,14.83
NF,F,Spk7,U_4650715fbd,800_825,Nyanja_NF_Spk7_U_4650715fbd_Utterance_21,watisoni ndakhala ndikukucitila coipa/cosayenera  nthawi zonse alipo ena,Nyanja_NF_Spk7_U_4650715fbd_Utterance_21_800_825.wav,6.273
NF,F,Spk7,U_4650715fbd,800_825,Nyanja_NF_Spk7_U_4650715fbd_Utterance_22,ndicinthu cosayeenera kunena zambiri za iwo pano,Nyanja_NF_Spk7_U_4650715fbd_Utterance_22_800_825.wav,5.13
NF,F,Spk7,U_4650715fbd,800_825,Nyanja_NF_Spk7_U_4650715fbd_Utterance_23,koma kuli nkhokwe atate ngati angafune kuigwiritsa nchito,Nyanja_NF_Spk7_U_4650715fbd_Utterance_23_800_825.wav,6.414
NF,F,Spk7,U_4650715fbd,800_825,Nyanja_NF_Spk7_U_4650715fbd_Utterance_24,holmes anaigwira poyera m'manja mwace pomwe panali kufika kuwala kwa magetsi,Nyanja_NF_Spk7_U_4650715fbd_Utterance_24_800_825.wav,8.352
NF,F,Spk7,U_4650715fbd,800_825,Nyanja_NF_Spk7_U_4650715fbd_Utterance_25,iye anapenya pamwambapo mosakondwera nawauza kuti akhale pansi,Nyanja_NF_Spk7_U_4650715fbd_Utterance_25_800_825.wav,7.469
NF,F,Spk7,U_4650715fbd,825_850,Nyanja_NF_Spk7_U_4650715fbd_Utterance_1,ndinaonapo mitunndi ndi mitundu ya zimenezo mu umoyo wanga,Nyanja_NF_Spk7_U_4650715fbd_Utterance_1_825_850.wav,6.35
NF,F,Spk7,U_4650715fbd,825_850,Nyanja_NF_Spk7_U_4650715fbd_Utterance_2,ndinenetsa sindizapita kutali kweni kweni koma pa atatuwa iye ndiye amane siangathe,Nyanja_NF_Spk7_U_4650715fbd_Utterance_2_825_850.wav,8.506
NF,F,Spk7,U_4650715fbd,825_850,Nyanja_NF_Spk7_U_4650715fbd_Utterance_3,koma pa nthawi imeneyo mu nmadzi amene ali ndi mphanvu cinali cosatheka kuthala pansi,Nyanja_NF_Spk7_U_4650715fbd_Utterance_3_825_850.wav,9.92
NF,F,Spk7,U_4650715fbd,825_850,Nyanja_NF_Spk7_U_4650715fbd_Utterance_4,ici mzanga iwe tenga ndipo anaciponya m'manja mwa mlimi,Nyanja_NF_Spk7_U_4650715fbd_Utterance_4_825_850.wav,5.016
NF,F,Spk7,U_4650715fbd,825_850,Nyanja_NF_Spk7_U_4650715fbd_Utterance_5,kodi unawaona ma pepala awa pa thebulo,Nyanja_NF_Spk7_U_4650715fbd_Utterance_5_825_850.wav,3.669
NF,F,Spk7,U_4650715fbd,825_850,Nyanja_NF_Spk7_U_4650715fbd_Utterance_6,ndizanene kwa iye kuti andipatsek koffi ngati ndi yabwino,Nyanja_NF_Spk7_U_4650715fbd_Utterance_6_825_850.wav,5.062
NF,F,Spk7,U_4650715fbd,825_850,Nyanja_NF_Spk7_U_4650715fbd_Utterance_7,osati golide kapena siliva kapena nkhosa kapena mngelo koma iye mwini ndi zaciani,Nyanja_NF_Spk7_U_4650715fbd_Utterance_7_825_850.wav,7.628
NF,F,Spk7,U_4650715fbd,825_850,Nyanja_NF_Spk7_U_4650715fbd_Utterance_8,bwezani okupelekezani robini ndipo mundisanzike e e e n,Nyanja_NF_Spk7_U_4650715fbd_Utterance_8_825_850.wav,5.991
NF,F,Spk7,U_4650715fbd,825_850,Nyanja_NF_Spk7_U_4650715fbd_Utterance_9,kuli ndondomeko yaikulu kapena ya ing'ono mogwirizana ndi ma lanki/nthepe  ndi ma giledi,Nyanja_NF_Spk7_U_4650715fbd_Utterance_9_825_850.wav,7.964
NF,F,Spk7,U_4650715fbd,825_850,Nyanja_NF_Spk7_U_4650715fbd_Utterance_10,kumangotsala pang'ono kuganiza kuti ndizakumbukira  ntangonvera kusiyana pang'ono,Nyanja_NF_Spk7_U_4650715fbd_Utterance_10_825_850.wav,8.75
NF,F,Spk7,U_4650715fbd,825_850,Nyanja_NF_Spk7_U_4650715fbd_Utterance_11,ndipo ndizazigulira famu ndipo ndizalima pa malowo tsopano ndaniazanditsatira,Nyanja_NF_Spk7_U_4650715fbd_Utterance_11_825_850.wav,6.365
NF,F,Spk7,U_4650715fbd,825_850,Nyanja_NF_Spk7_U_4650715fbd_Utterance_12,ku mpoto ndi ku m'mwela zinakambidwa kale kodi ncifukwa ninji sikungaikidwenso ku m'madzulo,Nyanja_NF_Spk7_U_4650715fbd_Utterance_12_825_850.wav,7.988
NF,F,Spk7,U_4650715fbd,825_850,Nyanja_NF_Spk7_U_4650715fbd_Utterance_13,kuzitukumula kwace atakwanilitsa kunapangitsa kuti aikidwe pa mwamba mwapang'ono pang'ono ngati mabala (malawi) amadzi,Nyanja_NF_Spk7_U_4650715fbd_Utterance_13_825_850.wav,14.795
NF,F,Spk7,U_4650715fbd,825_850,Nyanja_NF_Spk7_U_4650715fbd_Utterance_14,pearl ataona thengo ya maluwa anayamba kulira pofuna duwa lofilira ndipo sanathe kunyengereredwa,Nyanja_NF_Spk7_U_4650715fbd_Utterance_14_825_850.wav,10.495
NF,F,Spk7,U_4650715fbd,825_850,Nyanja_NF_Spk7_U_4650715fbd_Utterance_15,iimfa yace yace mu izi zonse inali cinthu conetsa cisoni,Nyanja_NF_Spk7_U_4650715fbd_Utterance_15_825_850.wav,5.457
NF,F,Spk7,U_4650715fbd,825_850,Nyanja_NF_Spk7_U_4650715fbd_Utterance_16,kudulidwa kwace kwa kunja kunaonetsa ndipo sikunaonetse kokwanira zinthu zosiyana siyana za mkati wa umoyo wace,Nyanja_NF_Spk7_U_4650715fbd_Utterance_16_825_850.wav,11.482
NF,F,Spk7,U_4650715fbd,825_850,Nyanja_NF_Spk7_U_4650715fbd_Utterance_17,madzana ndi madzana a nzika zosalakwa (azibambo) zinayankha kuitanidwa kwao kubwalo ya milandu  (ma saimoni) mwansangamsanga,Nyanja_NF_Spk7_U_4650715fbd_Utterance_17_825_850.wav,13.723
NF,F,Spk7,U_4650715fbd,825_850,Nyanja_NF_Spk7_U_4650715fbd_Utterance_18,ind amai anatero mphunzi wacicepele akuoneka ndi mtima wosadikhira,Nyanja_NF_Spk7_U_4650715fbd_Utterance_18_825_850.wav,7.57
NF,F,Spk7,U_4650715fbd,825_850,Nyanja_NF_Spk7_U_4650715fbd_Utterance_19,inde inde musabvutike ndi mayankho nvetsani ndipo muona kuti sindikunyengelerani kapena kukucitilanizooipa,Nyanja_NF_Spk7_U_4650715fbd_Utterance_19_825_850.wav,12.132
NF,F,Spk7,U_4650715fbd,825_850,Nyanja_NF_Spk7_U_4650715fbd_Utterance_20,ma buku awiri aja a semoni oculidwa mu khuphunzitsana  koyamba sizikugwirizana  ndi zoyenera kudziwa za cikumbutso nghakhale pang'ono,Nyanja_NF_Spk7_U_4650715fbd_Utterance_20_825_850.wav,17.821
NF,F,Spk7,U_4650715fbd,825_850,Nyanja_NF_Spk7_U_4650715fbd_Utterance_21,ici ndiye cifukwa cake ucedwa ojo munthu amene alibe mwai anatero mzimai  ndi mau acifundo,Nyanja_NF_Spk7_U_4650715fbd_Utterance_21_825_850.wav,12.69
NF,F,Spk7,U_4650715fbd,825_850,Nyanja_NF_Spk7_U_4650715fbd_Utterance_22,inali kalata yofiilira mu njira ina kalata yofiira inadzadzidwa ndi umoyo,Nyanja_NF_Spk7_U_4650715fbd_Utterance_22_825_850.wav,12.109
NF,F,Spk7,U_4650715fbd,825_850,Nyanja_NF_Spk7_U_4650715fbd_Utterance_23,mitengo za kale za cisoni monga zazikulu ndi zacisinsi muyenge wa kuda ndi woipa,Nyanja_NF_Spk7_U_4650715fbd_Utterance_23_825_850.wav,9.485
NF,F,Spk7,U_4650715fbd,825_850,Nyanja_NF_Spk7_U_4650715fbd_Utterance_24,kacenjeda wanga anatsidwa wa umphawi kotheratu koma ndi wanzeru andiponso walunta azacitanso bwino,Nyanja_NF_Spk7_U_4650715fbd_Utterance_24_825_850.wav,13.572
NF,F,Spk7,U_4650715fbd,825_850,Nyanja_NF_Spk7_U_4650715fbd_Utterance_25,ici cinali  chida cabwinodi nthawi imineyo,Nyanja_NF_Spk7_U_4650715fbd_Utterance_25_825_850.wav,6.545
NF,F,Spk4,U_2633263dcc,650_675,Nyanja_NF_Spk4_U_2633263dcc_Utterance_1,pamenepo japu wacigwira  anaseka percy pamene ena anali ku kukuwa ataona pa maso pa jasper,Nyanja_NF_Spk4_U_2633263dcc_Utterance_1_650_675.wav,10.275
NF,F,Spk4,U_2633263dcc,650_675,Nyanja_NF_Spk4_U_2633263dcc_Utterance_2,ndimakonda kulankhula ndi karl pa nkhani ya mzinda wa new york ndi zimene munthu angathe kucita kumeneko,Nyanja_NF_Spk4_U_2633263dcc_Utterance_2_650_675.wav,11.236
NF,F,Spk4,U_2633263dcc,650_675,Nyanja_NF_Spk4_U_2633263dcc_Utterance_3,ukuona kuti kukonda wina wace mmene nkukondera ine cipangitsa calo conse kusintha,Nyanja_NF_Spk4_U_2633263dcc_Utterance_3_650_675.wav,10.861
NF,F,Spk4,U_2633263dcc,650_675,Nyanja_NF_Spk4_U_2633263dcc_Utterance_4,akaidi atacotsedwa pa ola/nthawi yoikidwa ija mpholopolo za futi zowerengeka zinalasidwa mzipupa ca miyala,Nyanja_NF_Spk4_U_2633263dcc_Utterance_4_650_675.wav,17.071
NF,F,Spk4,U_2633263dcc,650_675,Nyanja_NF_Spk4_U_2633263dcc_Utterance_5,kodi munalandilako mlendo wa waukada ine nisanapite,Nyanja_NF_Spk4_U_2633263dcc_Utterance_5_650_675.wav,6.616
NF,F,Spk4,U_2633263dcc,650_675,Nyanja_NF_Spk4_U_2633263dcc_Utterance_6,mwani zakumtima zosabvutisa kwa zaka zambiri,Nyanja_NF_Spk4_U_2633263dcc_Utterance_6_650_675.wav,6.871
NF,F,Spk4,U_2633263dcc,650_675,Nyanja_NF_Spk4_U_2633263dcc_Utterance_7,anthu awa oukila ungwilyo wa khristu amatsutsa/amakana atate ndi mwana ndi nchito zao zonse,Nyanja_NF_Spk4_U_2633263dcc_Utterance_7_650_675.wav,13.291
NF,F,Spk4,U_2633263dcc,650_675,Nyanja_NF_Spk4_U_2633263dcc_Utterance_8,pa ici yankho yace inali itaperekedwa mwamsanga-msanga ai tithokoze mulungu ai ndipo kodi zolembedwa izi ndi zanu,Nyanja_NF_Spk4_U_2633263dcc_Utterance_8_650_675.wav,14.851
NF,F,Spk4,U_2633263dcc,650_675,Nyanja_NF_Spk4_U_2633263dcc_Utterance_9,mwatsopano ndiri kuzigwiritsa nchito ngati zimadekho zopangidwa mwaluso mu dimba yanga,Nyanja_NF_Spk4_U_2633263dcc_Utterance_9_650_675.wav,11.986
NF,F,Spk4,U_2633263dcc,650_675,Nyanja_NF_Spk4_U_2633263dcc_Utterance_10,koma sizipyolera zimene ziri mu baibulo azakhali anaterodina,Nyanja_NF_Spk4_U_2633263dcc_Utterance_10_650_675.wav,8.986
NF,F,Spk4,U_2633263dcc,650_675,Nyanja_NF_Spk4_U_2633263dcc_Utterance_11,pa tsiku ya makhumi awiri zisanu ndi ziwiri (27) m'mwezi wa phukira mu caka ca 1837 iye analemba,Nyanja_NF_Spk4_U_2633263dcc_Utterance_11_650_675.wav,14.401
NF,F,Spk4,U_2633263dcc,650_675,Nyanja_NF_Spk4_U_2633263dcc_Utterance_12,pamene anaponya dzala zace zimene zinkafika pansi sizinali patali kwambiri ndi mutu wa uja amene anali kuthawa,Nyanja_NF_Spk4_U_2633263dcc_Utterance_12_650_675.wav,12.616
NF,F,Spk4,U_2633263dcc,650_675,Nyanja_NF_Spk4_U_2633263dcc_Utterance_13,kukumbukira kuyenera kukhala cinthu cimene cinacitika ndipo cilipo mu njira ina cofanana mwina cndi cimene cili kukumbukidwa,Nyanja_NF_Spk4_U_2633263dcc_Utterance_13_650_675.wav,15.631
NF,F,Spk4,U_2633263dcc,650_675,Nyanja_NF_Spk4_U_2633263dcc_Utterance_14,eeeh zolembedwa za mtundu wotani zimene nawerenga cithunzithunzi cotani cimene ndaonapo cilungamo coipa bwanji,Nyanja_NF_Spk4_U_2633263dcc_Utterance_14_650_675.wav,13.831
NF,F,Spk4,U_2633263dcc,650_675,Nyanja_NF_Spk4_U_2633263dcc_Utterance_15,iye analira ali kuimikira dzanja lanthor amene anali patsogoro pace pofuna kusimikidza kuti kunalibe ziwanda (zipuku) patsogoro pace,Nyanja_NF_Spk4_U_2633263dcc_Utterance_15_650_675.wav,12.826
NF,F,Spk4,U_2633263dcc,650_675,Nyanja_NF_Spk4_U_2633263dcc_Utterance_16,ndipo ukhala ndi ka gulu ako kakang'ono kodi ndiwe okondwera,Nyanja_NF_Spk4_U_2633263dcc_Utterance_16_650_675.wav,8.836
NF,F,Spk4,U_2633263dcc,650_675,Nyanja_NF_Spk4_U_2633263dcc_Utterance_17,ndimawaona akugona pansi  mopanda thandizo iliyonse akulira kulibe wina aliyense owayanka kulibe wina okusangalatsani ndi cimwemwe ca mai,Nyanja_NF_Spk4_U_2633263dcc_Utterance_17_650_675.wav,19.066
NF,F,Spk4,U_2633263dcc,650_675,Nyanja_NF_Spk4_U_2633263dcc_Utterance_18,nambala ya khumi nelli akukudikhilani mugone bwino amuna anga,Nyanja_NF_Spk4_U_2633263dcc_Utterance_18_650_675.wav,9.541
NF,F,Spk4,U_2633263dcc,650_675,Nyanja_NF_Spk4_U_2633263dcc_Utterance_19,tonsefe tinamenya ku mbali ina yace ya bwato,Nyanja_NF_Spk4_U_2633263dcc_Utterance_19_650_675.wav,7.561
NF,F,Spk4,U_2633263dcc,650_675,Nyanja_NF_Spk4_U_2633263dcc_Utterance_20,cokonkhapo kunabwera mpata wa oliva kuti athandizire  mu myambo,Nyanja_NF_Spk4_U_2633263dcc_Utterance_20_650_675.wav,9.781
NF,F,Spk4,U_2633263dcc,650_675,Nyanja_NF_Spk4_U_2633263dcc_Utterance_21,musamalileni ndipo muiwaleko za cilengedwa ca mulungu,Nyanja_NF_Spk4_U_2633263dcc_Utterance_21_650_675.wav,8.536
NF,F,Spk4,U_2633263dcc,650_675,Nyanja_NF_Spk4_U_2633263dcc_Utterance_22,inde ndikhulupilira kuti tili conco ndinayankha mopewetsa koma pamene tinangogwiritsa nchito kanjira koonjezedwa,Nyanja_NF_Spk4_U_2633263dcc_Utterance_22_650_675.wav,15.166
NF,F,Spk4,U_2633263dcc,650_675,Nyanja_NF_Spk4_U_2633263dcc_Utterance_23,mwanzeru zobadwa nazo zimene zili mwa wina aliyense nzeru zimene ziletsa wina kumaika ndalama zace pa mpikitsano wa mathamangidwe,Nyanja_NF_Spk4_U_2633263dcc_Utterance_23_650_675.wav,19.531
NF,F,Spk4,U_2633263dcc,650_675,Nyanja_NF_Spk4_U_2633263dcc_Utterance_24,ndinali kugwira nchito yosunga bwino mabuku a nchito pa nchito ndipo cinali capafupi kwaine kutenga cheke ndikulemba siginacala yopeeka (yabooza),Nyanja_NF_Spk4_U_2633263dcc_Utterance_24_650_675.wav,16.471
NF,F,Spk4,U_2633263dcc,650_675,Nyanja_NF_Spk4_U_2633263dcc_Utterance_25,kwa ka nthawi gilchrist ndi dzanja yace yoimitsidwa anayesesa kuika bwino zimene zinapezeka mu zolemba zace,Nyanja_NF_Spk4_U_2633263dcc_Utterance_25_650_675.wav,14.041
NF,F,Spk4,U_2633263dcc,675_700,Nyanja_NF_Spk4_U_2633263dcc_Utterance_1,mwantsopano rodolfo anakwanitsa kugwira leocadia mosamala na muika  mu citolokosi ndi mnyumba yace,Nyanja_NF_Spk4_U_2633263dcc_Utterance_1_675_700.wav,3.456
NF,F,Spk4,U_2633263dcc,675_700,Nyanja_NF_Spk4_U_2633263dcc_Utterance_2,ndi apo cabe pamene pali zinthu monga mikumbi ndi moto,Nyanja_NF_Spk4_U_2633263dcc_Utterance_2_675_700.wav,6.936
NF,F,Spk4,U_2633263dcc,675_700,Nyanja_NF_Spk4_U_2633263dcc_Utterance_3,pa ciweru pa tsiku ya khumi ndi zisanu mu mwezi wa phukira nyanja sinali yotseguka konseku ndipo kunalibe malo ali onse a kutsidya amene anali kuonekera,Nyanja_NF_Spk4_U_2633263dcc_Utterance_3_675_700.wav,18.336
NF,F,Spk4,U_2633263dcc,675_700,Nyanja_NF_Spk4_U_2633263dcc_Utterance_4,mussulmans ndi giaours anazibisa kukamwa ndi kansalu kozipukutira kumaso  ali kuseka  ndipo alibe lute pa zolilitsa zina ziri zonse,Nyanja_NF_Spk4_U_2633263dcc_Utterance_4_675_700.wav,17.961
NF,F,Spk4,U_2633263dcc,675_700,Nyanja_NF_Spk4_U_2633263dcc_Utterance_5,ndakhala wokonzekera kupita kwina kuli konse kwa miyezi isanu ndi umodzi yapitai,Nyanja_NF_Spk4_U_2633263dcc_Utterance_5_675_700.wav,11.871
NF,F,Spk4,U_2633263dcc,675_700,Nyanja_NF_Spk4_U_2633263dcc_Utterance_6,wabwera andella andella inali dzina y ka doli wa mwana jani amene anali kuyendera lozalia,Nyanja_NF_Spk4_U_2633263dcc_Utterance_6_675_700.wav,11.586
NF,F,Spk4,U_2633263dcc,675_700,Nyanja_NF_Spk4_U_2633263dcc_Utterance_7,nkhani yokhayo ya cimwemwe imene inakambidwa ndi imene pa gome(thebulo) pakati pa ine ndi naomi,Nyanja_NF_Spk4_U_2633263dcc_Utterance_7_675_700.wav,10.866
NF,F,Spk4,U_2633263dcc,675_700,Nyanja_NF_Spk4_U_2633263dcc_Utterance_8,ameneyu anali mzimai wabwino kwambiri  bambo ndipo munjira ina ndiganiza kuti anafa,Nyanja_NF_Spk4_U_2633263dcc_Utterance_8_675_700.wav,11.586
NF,F,Spk4,U_2633263dcc,675_700,Nyanja_NF_Spk4_U_2633263dcc_Utterance_9,ndili ndi mantha poti sindidziwa zambiri za malo a oz,Nyanja_NF_Spk4_U_2633263dcc_Utterance_9_675_700.wav,8.166
NF,F,Spk4,U_2633263dcc,675_700,Nyanja_NF_Spk4_U_2633263dcc_Utterance_10,ndipo siunali kufuna kukhala pafupi ndi ine,Nyanja_NF_Spk4_U_2633263dcc_Utterance_10_675_700.wav,7.086
NF,F,Spk4,U_2633263dcc,675_700,Nyanja_NF_Spk4_U_2633263dcc_Utterance_11,mzibambo analowa natenga mapepela imodzi -imodzi  pa gome imene inali ca pakati,Nyanja_NF_Spk4_U_2633263dcc_Utterance_11_675_700.wav,10.101
NF,F,Spk4,U_2633263dcc,675_700,Nyanja_NF_Spk4_U_2633263dcc_Utterance_12,ndinanva m'mafupa anga m'mawa n'tauka kuti cinthu cabwino cidzacitika,Nyanja_NF_Spk4_U_2633263dcc_Utterance_12_675_700.wav,9.666
NF,F,Spk4,U_2633263dcc,675_700,Nyanja_NF_Spk4_U_2633263dcc_Utterance_13,kunena cilungamo iye sangathe kucita izo anatero soames poti ine ndinalowera pa citseko ca mumbalimu,Nyanja_NF_Spk4_U_2633263dcc_Utterance_13_675_700.wav,3.771
NF,F,Spk4,U_2633263dcc,675_700,Nyanja_NF_Spk4_U_2633263dcc_Utterance_14,ungathe kukhala kutali ndi ine ngati ufuna kutero nanga ni liti pamene ndakukonkako,Nyanja_NF_Spk4_U_2633263dcc_Utterance_14_675_700.wav,11.871
NF,F,Spk4,U_2633263dcc,675_700,Nyanja_NF_Spk4_U_2633263dcc_Utterance_15,kulibe tsiku ngakhale imodzi imene pa matsiku dzana imene ndi tsiku ya cimwemwe cotheratu ndipo ya dzuwa ikuwala kotheratu,Nyanja_NF_Spk4_U_2633263dcc_Utterance_15_675_700.wav,13.836
NF,F,Spk4,U_2633263dcc,675_700,Nyanja_NF_Spk4_U_2633263dcc_Utterance_16,koma kusiyana mu zonse sikuli pa zimenezo kusamaziika nzeru,Nyanja_NF_Spk4_U_2633263dcc_Utterance_16_675_700.wav,9.066
NF,F,Spk4,U_2633263dcc,675_700,Nyanja_NF_Spk4_U_2633263dcc_Utterance_17,ndimakupemphelera  koma sicimodzi-modzi ngati kuti iwe wekha wazipemphelera,Nyanja_NF_Spk4_U_2633263dcc_Utterance_17_675_700.wav,9.636
NF,F,Spk4,U_2633263dcc,675_700,Nyanja_NF_Spk4_U_2633263dcc_Utterance_18,ukuona mzanga iyi ndi nkhani ya cilombo coopsya ca pa madzi (narwhale),Nyanja_NF_Spk4_U_2633263dcc_Utterance_18_675_700.wav,9.666
NF,F,Spk4,U_2633263dcc,675_700,Nyanja_NF_Spk4_U_2633263dcc_Utterance_19,ndinatenga zibangili za golide zitsanu mu bokosi la cuma ndi kuzipatsa kwa iye,Nyanja_NF_Spk4_U_2633263dcc_Utterance_19_675_700.wav,8.601
NF,F,Spk4,U_2633263dcc,675_700,Nyanja_NF_Spk4_U_2633263dcc_Utterance_20,anali ngati bmbo wanga munjira ina koma sanali atate anga,Nyanja_NF_Spk4_U_2633263dcc_Utterance_20_675_700.wav,7.596
NF,F,Spk4,U_2633263dcc,675_700,Nyanja_NF_Spk4_U_2633263dcc_Utterance_21,bambo will okalamba aja ndi munthu wabwino koma ndi osauka komanso wopanda thandizo iliyonse kucokerab pameneakazi a bambo rodges anapezekera mu ngozi,Nyanja_NF_Spk4_U_2633263dcc_Utterance_21_675_700.wav,17.901
NF,F,Spk4,U_2633263dcc,675_700,Nyanja_NF_Spk4_U_2633263dcc_Utterance_22,ndikhulupilira kuti wakhala  mtsikana wa bwino kwambiri kucookera pomwe unacokera kuno andella,Nyanja_NF_Spk4_U_2633263dcc_Utterance_22_675_700.wav,9.966
NF,F,Spk4,U_2633263dcc,675_700,Nyanja_NF_Spk4_U_2633263dcc_Utterance_23,ndikunenetsa bambo harry msikana wa cicepeleyu azachuka usiku walero kodi sazachuka,Nyanja_NF_Spk4_U_2633263dcc_Utterance_23_675_700.wav,11.931
NF,F,Spk4,U_2633263dcc,675_700,Nyanja_NF_Spk4_U_2633263dcc_Utterance_24,ndinaganiza kuti mwina mwace nchito yanga pamene nitasiya sukulu lina nkukhala mphunzitsi wosamalira ana,Nyanja_NF_Spk4_U_2633263dcc_Utterance_24_675_700.wav,13.866
NF,F,Spk4,U_2633263dcc,675_700,Nyanja_NF_Spk4_U_2633263dcc_Utterance_25,iye analephera kudziwa momwe zinayenera kukhalira,Nyanja_NF_Spk4_U_2633263dcc_Utterance_25_675_700.wav,6.906
NF,F,Spk8,U_14239f6387,875_900,Nyanja_NF_Spk8_U_14239f6387_Utterance_1,ananene kwa agalantiya nati mulibe mphanvu yoganizira paulo mwapamwamba,Nyanja_NF_Spk8_U_14239f6387_Utterance_1_875_900.wav,10.16
NF,F,Spk8,U_14239f6387,875_900,Nyanja_NF_Spk8_U_14239f6387_Utterance_2,kulibe kwina kwace kotseguka pokhapokhapo khola imodzi anatero wotiyanganira wathu ophunzira,Nyanja_NF_Spk8_U_14239f6387_Utterance_2_875_900.wav,10.16
NF,F,Spk8,U_14239f6387,875_900,Nyanja_NF_Spk8_U_14239f6387_Utterance_3,kwangwala wa mkulu analondola mwansanga kufuna kuti acotse nyama yace /cimene anagwira pansi,Nyanja_NF_Spk8_U_14239f6387_Utterance_3_875_900.wav,10.16
NF,F,Spk8,U_14239f6387,875_900,Nyanja_NF_Spk8_U_14239f6387_Utterance_4,wina waceananena nkhani ngakhala sanainene bwino yomwe ninaona kuti sanali kunvetsetsa,Nyanja_NF_Spk8_U_14239f6387_Utterance_4_875_900.wav,10.16
NF,F,Spk8,U_14239f6387,875_900,Nyanja_NF_Spk8_U_14239f6387_Utterance_5,cinali cinthu ca bwino kwa iye kuganiza kuti mkaziyo zanali kumkonda kopotsa kudziwa cilungamo,Nyanja_NF_Spk8_U_14239f6387_Utterance_5_875_900.wav,10.16
NF,F,Spk8,U_14239f6387,875_900,Nyanja_NF_Spk8_U_14239f6387_Utterance_6,oho bambo anatero bambo missus poyser ataopyedwa simungazikonde konse,Nyanja_NF_Spk8_U_14239f6387_Utterance_6_875_900.wav,10.16
NF,F,Spk8,U_14239f6387,875_900,Nyanja_NF_Spk8_U_14239f6387_Utterance_7,pamenepo anaika dzanja lace pa mkono wace  naseka nati,Nyanja_NF_Spk8_U_14239f6387_Utterance_7_875_900.wav,10.16
NF,F,Spk8,U_14239f6387,875_900,Nyanja_NF_Spk8_U_14239f6387_Utterance_8,chingachgook anali ataona izi ndi mayendedwe ndipo ndi manja ake anawalola kulankhula,Nyanja_NF_Spk8_U_14239f6387_Utterance_8_875_900.wav,10.16
NF,F,Spk8,U_14239f6387,875_900,Nyanja_NF_Spk8_U_14239f6387_Utterance_9,apa apo anatero motonthoza ali kupapatsa mutu wace wofilira,Nyanja_NF_Spk8_U_14239f6387_Utterance_9_875_900.wav,10.16
NF,F,Spk8,U_14239f6387,875_900,Nyanja_NF_Spk8_U_14239f6387_Utterance_10,anayenda mwamsanga ngati mwivi napita mun ma holo onsewo ma sitepi okwelera mnyumba ndi pa bwalo ponse,Nyanja_NF_Spk8_U_14239f6387_Utterance_10_875_900.wav,10.16
NF,F,Spk8,U_14239f6387,875_900,Nyanja_NF_Spk8_U_14239f6387_Utterance_11,iye anafuna kuyambira pamwamba pa matanda,Nyanja_NF_Spk8_U_14239f6387_Utterance_11_875_900.wav,10.16
NF,F,Spk8,U_14239f6387,875_900,Nyanja_NF_Spk8_U_14239f6387_Utterance_12,humpy dumpy anali atagwa pansipa koma anakwatira ndithu mwana wa amfumu wa mkazi,Nyanja_NF_Spk8_U_14239f6387_Utterance_12_875_900.wav,10.16
NF,F,Spk8,U_14239f6387,875_900,Nyanja_NF_Spk8_U_14239f6387_Utterance_13,m'mene analonjezera kuteteza hotela nzika zimene zitauzidwa kuti zisade nkhawa mogogomedza zinayamba kuseka mantha ao,Nyanja_NF_Spk8_U_14239f6387_Utterance_13_875_900.wav,10.16
NF,F,Spk8,U_14239f6387,875_900,Nyanja_NF_Spk8_U_14239f6387_Utterance_14,mabwalo ya tolasa twa thonje tolema anali pafupi kuphulika,Nyanja_NF_Spk8_U_14239f6387_Utterance_14_875_900.wav,10.16
NF,F,Spk8,U_14239f6387,875_900,Nyanja_NF_Spk8_U_14239f6387_Utterance_15,lute anakhala zii kwanthawi yaitali ali kuoneka ndi pa maso pofunisisa  kunali kutatulukila,Nyanja_NF_Spk8_U_14239f6387_Utterance_15_875_900.wav,10.16
NF,F,Spk8,U_14239f6387,875_900,Nyanja_NF_Spk8_U_14239f6387_Utterance_16,kodi unabwera liti bartley ndipo kodi zakhala bwanji zotheka kuti sunalankhule kanthu kali konse,Nyanja_NF_Spk8_U_14239f6387_Utterance_16_875_900.wav,10.16
NF,F,Spk8,U_14239f6387,875_900,Nyanja_NF_Spk8_U_14239f6387_Utterance_17,sindinathe kuonana mwana wanga wacimuna opwetekedwa mwaubwino koma akucita zinchito zace ngati m'modzi wa ana a bamba cumberland,Nyanja_NF_Spk8_U_14239f6387_Utterance_17_875_900.wav,10.16
NF,F,Spk8,U_14239f6387,875_900,Nyanja_NF_Spk8_U_14239f6387_Utterance_18,ngati ndili kunva conjo ndiye kuti ndili kunva conjo,Nyanja_NF_Spk8_U_14239f6387_Utterance_18_875_900.wav,10.16
NF,F,Spk8,U_14239f6387,875_900,Nyanja_NF_Spk8_U_14239f6387_Utterance_19,anzanga anatero montifichet mosakweza mau ace kwa ena anali kucita masewera ya kumenyana tipelekezeni mkatifikiseko ca kunyumba kwa ogwira nchito ku ndende,Nyanja_NF_Spk8_U_14239f6387_Utterance_19_875_900.wav,10.16
NF,F,Spk8,U_14239f6387,875_900,Nyanja_NF_Spk8_U_14239f6387_Utterance_20,koma sindinadziwe apa ndipo pomwe mundiuza,Nyanja_NF_Spk8_U_14239f6387_Utterance_20_875_900.wav,10.16
NF,F,Spk8,U_14239f6387,875_900,Nyanja_NF_Spk8_U_14239f6387_Utterance_21,bulakitoni ndi mzanga wabwino kwambiri ndinenetsa nzo kwa iwe,Nyanja_NF_Spk8_U_14239f6387_Utterance_21_875_900.wav,10.16
NF,F,Spk8,U_14239f6387,875_900,Nyanja_NF_Spk8_U_14239f6387_Utterance_22,ndanyowa kufika munkongono mwanga ntawerama kuti ndidoba cherries,Nyanja_NF_Spk8_U_14239f6387_Utterance_22_875_900.wav,10.16
NF,F,Spk8,U_14239f6387,875_900,Nyanja_NF_Spk8_U_14239f6387_Utterance_23,ena ace sanafune kuti zimenezi zikacitike tsiku lina mtsogolo koma zina cabe zopanga zace zimene zinandisangalasa,Nyanja_NF_Spk8_U_14239f6387_Utterance_23_875_900.wav,10.16
NF,F,Spk8,U_14239f6387,875_900,Nyanja_NF_Spk8_U_14239f6387_Utterance_24,kodi kuti sangakhale mphatso yabwino kwa mwana wanthu wakhandayu,Nyanja_NF_Spk8_U_14239f6387_Utterance_24_875_900.wav,10.16
NF,F,Spk8,U_14239f6387,875_900,Nyanja_NF_Spk8_U_14239f6387_Utterance_25,izo zitapita cinali ca pafupi kuziiwalako indetu kuziiwala,Nyanja_NF_Spk8_U_14239f6387_Utterance_25_875_900.wav,10.16
NF,F,Spk8,U_14239f6387,850_875,Nyanja_NF_Spk8_U_14239f6387_Utterance_1,lobini anaselutsa matanda ace mosamala ndipo mwamsanga  anazipeza pansi pa miyala yolimba kwabatsi,Nyanja_NF_Spk8_U_14239f6387_Utterance_1_850_875.wav,12.635
NF,F,Spk8,U_14239f6387,850_875,Nyanja_NF_Spk8_U_14239f6387_Utterance_2,koma kulingana ndi zomwe zili kucitiika sindidziwa ngati zinthu ngati izo kuti zingathe kucitika,Nyanja_NF_Spk8_U_14239f6387_Utterance_2_850_875.wav,12.635
NF,F,Spk8,U_14239f6387,850_875,Nyanja_NF_Spk8_U_14239f6387_Utterance_3,oho iye amakhala pafupi ndi piano anatero van ayenera kukhalapo pa nthawi ino kwinakwace  ndipo wina anaseka.,Nyanja_NF_Spk8_U_14239f6387_Utterance_3_850_875.wav,12.635
NF,F,Spk8,U_14239f6387,850_875,Nyanja_NF_Spk8_U_14239f6387_Utterance_4,amai taylor sanadziwe zambiri za kotoni koma conena cimodzi cabe coonjedzedwa cinaoneka coyenera,Nyanja_NF_Spk8_U_14239f6387_Utterance_4_850_875.wav,12.635
NF,F,Spk8,U_14239f6387,850_875,Nyanja_NF_Spk8_U_14239f6387_Utterance_5,mkupita ndi kupita sindinaonepo bulu lanu limene mu malembedwa za umoyo wanu ndiyenera kuiona bukuli missus poyser,Nyanja_NF_Spk8_U_14239f6387_Utterance_5_850_875.wav,12.635
NF,F,Spk8,U_14239f6387,850_875,Nyanja_NF_Spk8_U_14239f6387_Utterance_6,mnyamata wacicepele ndi omangidwa ndipo ndiopa imfa yace ngati yanenedwa,Nyanja_NF_Spk8_U_14239f6387_Utterance_6_850_875.wav,12.635
NF,F,Spk8,U_14239f6387,850_875,Nyanja_NF_Spk8_U_14239f6387_Utterance_7,nthawi imeneyo ntaona pa thebulo yanga ndinadziwa kuti wina wace anatayataya ma pepeela anga,Nyanja_NF_Spk8_U_14239f6387_Utterance_7_850_875.wav,12.635
NF,F,Spk8,U_14239f6387,850_875,Nyanja_NF_Spk8_U_14239f6387_Utterance_8,maonekedwa a lakelo ofooka ndi ocenjeletsa maso amene anali ku mupenya ndi codabwitsa cowawitsa,Nyanja_NF_Spk8_U_14239f6387_Utterance_8_850_875.wav,12.635
NF,F,Spk8,U_14239f6387,850_875,Nyanja_NF_Spk8_U_14239f6387_Utterance_9,ndikhulupilira ndithu kuti ndimadziwa kusankha zokoma mnjira imeneyo zonsezo ndi za zoona mukuzidziwa zobvara zimenezo,Nyanja_NF_Spk8_U_14239f6387_Utterance_9_850_875.wav,12.635
NF,F,Spk8,U_14239f6387,850_875,Nyanja_NF_Spk8_U_14239f6387_Utterance_10,cilungamo ici ciyamba kumatsulira mphanvu ya kuda zokhumba zina za dziko za magulu okwanira madzana makhumi awiri pansi pa nyanja,Nyanja_NF_Spk8_U_14239f6387_Utterance_10_850_875.wav,12.635
NF,F,Spk8,U_14239f6387,850_875,Nyanja_NF_Spk8_U_14239f6387_Utterance_11,ndipo anaseka mwapang'ono ndikuyankha ai amai beti ndine elizabeth parsons,Nyanja_NF_Spk8_U_14239f6387_Utterance_11_850_875.wav,12.635
NF,F,Spk8,U_14239f6387,850_875,Nyanja_NF_Spk8_U_14239f6387_Utterance_12,kuguzidwa kwace ku mlomo ndi kuunika kwace ku mapaphiko ace zinali zosanveka kwa iye ndipo zodabwitsa,Nyanja_NF_Spk8_U_14239f6387_Utterance_12_850_875.wav,12.635
NF,F,Spk8,U_14239f6387,850_875,Nyanja_NF_Spk8_U_14239f6387_Utterance_13,munny nsimbi zanga zili zozizila anauzidwa pease iiika pansi kuti zithumeko,Nyanja_NF_Spk8_U_14239f6387_Utterance_13_850_875.wav,12.635
NF,F,Spk8,U_14239f6387,850_875,Nyanja_NF_Spk8_U_14239f6387_Utterance_14,sindikucicepetsa nitalankhula kuti ma siku ano sicili cosaoneka=oneka,Nyanja_NF_Spk8_U_14239f6387_Utterance_14_850_875.wav,12.635
NF,F,Spk8,U_14239f6387,850_875,Nyanja_NF_Spk8_U_14239f6387_Utterance_15,nthawi zina cimachedwa copangidwa codabwitsa/cosokonedzetsa cifukwa zodindidwa zace ndi mitundu ndi zinaikidwa mosokoneza/mosasamala,Nyanja_NF_Spk8_U_14239f6387_Utterance_15_850_875.wav,12.635
NF,F,Spk8,U_14239f6387,850_875,Nyanja_NF_Spk8_U_14239f6387_Utterance_16,bwera pita ukanditengere ndalama yosala ya bambo louis ndilinayo bambo,Nyanja_NF_Spk8_U_14239f6387_Utterance_16_850_875.wav,12.635
NF,F,Spk8,U_14239f6387,850_875,Nyanja_NF_Spk8_U_14239f6387_Utterance_17,anandigwiritsa ncito kotheratu anali kufuna kumandimenya tsiku ndi tsiku,Nyanja_NF_Spk8_U_14239f6387_Utterance_17_850_875.wav,12.635
NF,F,Spk8,U_14239f6387,850_875,Nyanja_NF_Spk8_U_14239f6387_Utterance_18,mwamene njira ya cifundo ingapezekele kuli chalichi yoyera/yangwilyo ngakhale kuti anthu osakhulupilira mwa ambuye yesu apezeka komweko,Nyanja_NF_Spk8_U_14239f6387_Utterance_18_850_875.wav,12.635
NF,F,Spk8,U_14239f6387,850_875,Nyanja_NF_Spk8_U_14239f6387_Utterance_19,indetu iye anasautsa mpingo wa ambuye yesu kristu kwa nthawi ya itali,Nyanja_NF_Spk8_U_14239f6387_Utterance_19_850_875.wav,12.635
NF,F,Spk8,U_14239f6387,850_875,Nyanja_NF_Spk8_U_14239f6387_Utterance_20,pamene anayamba kucita zinthu anali kutsogolera yopatulika ya atsilikali oyenda pansi kupitila mu njira yolowera pansi,Nyanja_NF_Spk8_U_14239f6387_Utterance_20_850_875.wav,12.635
NF,F,Spk8,U_14239f6387,850_875,Nyanja_NF_Spk8_U_14239f6387_Utterance_21,ndifuna kusiys zonsezi kotheratu,Nyanja_NF_Spk8_U_14239f6387_Utterance_21_850_875.wav,12.635
NF,F,Spk8,U_14239f6387,850_875,Nyanja_NF_Spk8_U_14239f6387_Utterance_22,kodi sizingatheke kuti zoonekela za mumzinda za bwino zizionekera poyera,Nyanja_NF_Spk8_U_14239f6387_Utterance_22_850_875.wav,12.635
NF,F,Spk8,U_14239f6387,850_875,Nyanja_NF_Spk8_U_14239f6387_Utterance_23,anatero kapitawo donnithrone atakhala pamene anali kukwanitsa kuona  mkanjira kakafupi kamene kanalin kupita kumene anali kusungira mkaka,Nyanja_NF_Spk8_U_14239f6387_Utterance_23_850_875.wav,12.635
NF,F,Spk8,U_14239f6387,850_875,Nyanja_NF_Spk8_U_14239f6387_Utterance_24,tikuganiza kuti kupyolera mu nchito yocepa kapena ubwino tingathe kuthesa cimo,Nyanja_NF_Spk8_U_14239f6387_Utterance_24_850_875.wav,25.49
NF,F,Spk8,U_14239f6387,850_875,Nyanja_NF_Spk8_U_14239f6387_Utterance_25,indetu ndikupita ngati enginiya nanunso mungathe kupita ngati amodzi,Nyanja_NF_Spk8_U_14239f6387_Utterance_25_850_875.wav,25.49
NF,F,Spk9,U_85c90b0797,900_925,Nyanja_NF_Spk9_U_85c90b0797_Utterance_1,iye anawelamuka napenya kumene kunali naomi mokaika kucokela pa mbale yace napenyanso [pansi mocedwa moonetsa ukwiyo pa maso,Nyanja_NF_Spk9_U_85c90b0797_Utterance_1_900_925.wav,8.949
NF,F,Spk9,U_85c90b0797,900_925,Nyanja_NF_Spk9_U_85c90b0797_Utterance_2,patsogoro pa sitima ndinasema mutu wace ndi kamwa kotseguka ndi lilime lamphanda litatuluka pabwalo,Nyanja_NF_Spk9_U_85c90b0797_Utterance_2_900_925.wav,12.655
NF,F,Spk9,U_85c90b0797,900_925,Nyanja_NF_Spk9_U_85c90b0797_Utterance_3,unatelo mtengo wa mkuyu kuganizira zomwe anali nazo iye anadzindikila,Nyanja_NF_Spk9_U_85c90b0797_Utterance_3_900_925.wav,16.384
NF,F,Spk9,U_85c90b0797,900_925,Nyanja_NF_Spk9_U_85c90b0797_Utterance_4,ndine okhutilitsidwa ndi zime ndinanena  anatero owerenga,Nyanja_NF_Spk9_U_85c90b0797_Utterance_4_900_925.wav,6.989
NF,F,Spk9,U_85c90b0797,900_925,Nyanja_NF_Spk9_U_85c90b0797_Utterance_5,anaitanitsa nsika z okwanira zisanu ndi imodzi kuti amsatire mu zimene anali kucita ndipo nzikazi zinamsatira zinakonka zofuna zace ndi kumthandiza,Nyanja_NF_Spk9_U_85c90b0797_Utterance_5_900_925.wav,6.92
NF,F,Spk9,U_85c90b0797,900_925,Nyanja_NF_Spk9_U_85c90b0797_Utterance_6,tiyenela kukhala ndi otengako mbali ambiri anatero beti louise akayandikana ndi msuweni wace,Nyanja_NF_Spk9_U_85c90b0797_Utterance_6_900_925.wav,16.44
NF,F,Spk9,U_85c90b0797,900_925,Nyanja_NF_Spk9_U_85c90b0797_Utterance_7,sindili kucionera m'mene muli kucionera inu anatero loya wacikulire,Nyanja_NF_Spk9_U_85c90b0797_Utterance_7_900_925.wav,9.009
NF,F,Spk9,U_85c90b0797,900_925,Nyanja_NF_Spk9_U_85c90b0797_Utterance_8,pa mbale zazikulu za siliva panali ma pilamidi ya zakudya zophikidwandi ma keke ndi vinyo wofilira utanyenzimira itaikidwa mu zonyezimira,Nyanja_NF_Spk9_U_85c90b0797_Utterance_8_900_925.wav,5.84
NF,F,Spk9,U_85c90b0797,900_925,Nyanja_NF_Spk9_U_85c90b0797_Utterance_9,ndithudi maganizo awa anabvutitsa hester prynne mwapang'ono ciyembekezo kopotsa kuzindikira kulakwa kwace,Nyanja_NF_Spk9_U_85c90b0797_Utterance_9_900_925.wav,20.956
NF,F,Spk9,U_85c90b0797,900_925,Nyanja_NF_Spk9_U_85c90b0797_Utterance_10,ndipo bambo ferdinando anatikulibe cake ciliconse koma ayenera kuti apite nanu,Nyanja_NF_Spk9_U_85c90b0797_Utterance_10_900_925.wav,14.234
NF,F,Spk9,U_85c90b0797,900_925,Nyanja_NF_Spk9_U_85c90b0797_Utterance_11,ici calengetsa kuti nditaye ndalama zanga kawili zokwanira ma dola makhumu asaninndi imodzi cifukwa ca mkwiyo,Nyanja_NF_Spk9_U_85c90b0797_Utterance_11_900_925.wav,7.605
NF,F,Spk9,U_85c90b0797,900_925,Nyanja_NF_Spk9_U_85c90b0797_Utterance_12,titayendako mtunda wautali pang'ono mayendedwa a hawkeye amene anatsogolera gulu anakhala adala ndipo osamala ndithu,Nyanja_NF_Spk9_U_85c90b0797_Utterance_12_900_925.wav,0.195
NF,F,Spk9,U_85c90b0797,900_925,Nyanja_NF_Spk9_U_85c90b0797_Utterance_13,mibadwo zimene wanena mobweleza kwa ife kuchokera mu mbiri zako soloni ndi nthano cabe za ana,Nyanja_NF_Spk9_U_85c90b0797_Utterance_13_900_925.wav,9.985
NF,F,Spk9,U_85c90b0797,900_925,Nyanja_NF_Spk9_U_85c90b0797_Utterance_14,cawatengera  nthawi yaitali amai anga kumasitolo kupeza magalasi olingana ndendende ndi  cisote cao,Nyanja_NF_Spk9_U_85c90b0797_Utterance_14_900_925.wav,12.608
NF,F,Spk9,U_85c90b0797,900_925,Nyanja_NF_Spk9_U_85c90b0797_Utterance_15,monsieur anali iye yekha amene sananvetse ciriconse pa nkhani imeneyi,Nyanja_NF_Spk9_U_85c90b0797_Utterance_15_900_925.wav,11.331
NF,F,Spk9,U_85c90b0797,900_925,Nyanja_NF_Spk9_U_85c90b0797_Utterance_16,anandidziwitsa ku alendo ace onse ndipo anandiuza zambiri pali iwo ngati njira yoonetseramo wina mwa onsewo,Nyanja_NF_Spk9_U_85c90b0797_Utterance_16_900_925.wav,10.612
NF,F,Spk9,U_85c90b0797,900_925,Nyanja_NF_Spk9_U_85c90b0797_Utterance_17,ndi cifunilo cabwino kopotsa kotero kuti ndiconvetsa cisoni kuti mayambidwe ace amakhala osakondweretsa poyamba,Nyanja_NF_Spk9_U_85c90b0797_Utterance_17_900_925.wav,14.071
NF,F,Spk9,U_85c90b0797,900_925,Nyanja_NF_Spk9_U_85c90b0797_Utterance_18,ndizaimilila ngati membala woimililako cipani pa tikiti ya republican anatero kenneth,Nyanja_NF_Spk9_U_85c90b0797_Utterance_18_900_925.wav,13.677
NF,F,Spk9,U_85c90b0797,900_925,Nyanja_NF_Spk9_U_85c90b0797_Utterance_19,kodi ziliko kwa ine analankhura sandfodi monyodola,Nyanja_NF_Spk9_U_85c90b0797_Utterance_19_900_925.wav,8.127
NF,F,Spk9,U_85c90b0797,900_925,Nyanja_NF_Spk9_U_85c90b0797_Utterance_20,ndinakusiyani pa kontinent ndipo ndiyenera kukupezani pa chithukuthuku,Nyanja_NF_Spk9_U_85c90b0797_Utterance_20_900_925.wav,12.655
NF,F,Spk9,U_85c90b0797,900_925,Nyanja_NF_Spk9_U_85c90b0797_Utterance_21,atate ako anaganiza mwakanthawi  napenya amako nasekelera,Nyanja_NF_Spk9_U_85c90b0797_Utterance_21_900_925.wav,5.306
NF,F,Spk9,U_85c90b0797,900_925,Nyanja_NF_Spk9_U_85c90b0797_Utterance_22,tinali ndi ma mita m'mene munapezeka mabotolo awiri a zinthub za madzi,Nyanja_NF_Spk9_U_85c90b0797_Utterance_22_900_925.wav,6.211
NF,F,Spk9,U_85c90b0797,900_925,Nyanja_NF_Spk9_U_85c90b0797_Utterance_23,kuli cilankhulo ca mzimai amene ali ndi bvuto ndi a precieuses,Nyanja_NF_Spk9_U_85c90b0797_Utterance_23_900_925.wav,7.442
NF,F,Spk9,U_85c90b0797,900_925,Nyanja_NF_Spk9_U_85c90b0797_Utterance_24,kuli zonse zofunsidwa izi amene anali kuwerenga anafunsa,Nyanja_NF_Spk9_U_85c90b0797_Utterance_24_900_925.wav,7.268
NF,F,Spk9,U_85c90b0797,900_925,Nyanja_NF_Spk9_U_85c90b0797_Utterance_25,ai zikomo ndizangoona phonda (ana) za agalu zimenezo nasiya uthenga pali ana agalu omweo kwa,Nyanja_NF_Spk9_U_85c90b0797_Utterance_25_900_925.wav,6.96
NF,F,Spk9,U_85c90b0797,925_950,Nyanja_NF_Spk9_U_85c90b0797_Utterance_1,ninacita kuwerengamo mosamala kwambiri cifukwa zolembazo zili za zoona,Nyanja_NF_Spk9_U_85c90b0797_Utterance_1_925_950.wav,6.666
NF,F,Spk9,U_85c90b0797,925_950,Nyanja_NF_Spk9_U_85c90b0797_Utterance_2,iye anabwelera atanyamula nsapato zace zo jumpila zimene zipelekedwa monga m'mene mudziwira ndi zinthu zina zace zosongoka kunsiku,Nyanja_NF_Spk9_U_85c90b0797_Utterance_2_925_950.wav,12.515
NF,F,Spk9,U_85c90b0797,925_950,Nyanja_NF_Spk9_U_85c90b0797_Utterance_3,cinthu cokhaco cimene cinali cofunikila cinali kukonza a seth reymolds ndikuyetsetsa kuika moyenera bambo hopings,Nyanja_NF_Spk9_U_85c90b0797_Utterance_3_925_950.wav,13.038
NF,F,Spk9,U_85c90b0797,925_950,Nyanja_NF_Spk9_U_85c90b0797_Utterance_4,kodi ndani mzakoyo amene ali kubudula kono wa manja (zobvara zako) ako,Nyanja_NF_Spk9_U_85c90b0797_Utterance_4_925_950.wav,7.86
NF,F,Spk9,U_85c90b0797,925_950,Nyanja_NF_Spk9_U_85c90b0797_Utterance_5,ambrose anakumana ndi ine munsi mwa matanda okwerera mnyumba nandionetsa njira kumene ca kudya ca m'madzulo cinali kudyedwera,Nyanja_NF_Spk9_U_85c90b0797_Utterance_5_925_950.wav,13.003
NF,F,Spk9,U_85c90b0797,925_950,Nyanja_NF_Spk9_U_85c90b0797_Utterance_6,wina aliyense sangafune kumangoganizira ngati palibe umboni,Nyanja_NF_Spk9_U_85c90b0797_Utterance_6_925_950.wav,4.702
NF,F,Spk9,U_85c90b0797,925_950,Nyanja_NF_Spk9_U_85c90b0797_Utterance_7,anafunsa phronsie mofunitsitsa kudziwa ali kucoka m'manja mwa polli ali kufuna kutseka mbali ya jasper,Nyanja_NF_Spk9_U_85c90b0797_Utterance_7_925_950.wav,8.498
NF,F,Spk9,U_85c90b0797,925_950,Nyanja_NF_Spk9_U_85c90b0797_Utterance_8,ncifukwa ninji tsiku lina m'mawa kunabwere anthu ambviri ndipo anayamba kugwirita nchito mwa ulova,Nyanja_NF_Spk9_U_85c90b0797_Utterance_8_925_950.wav,9.799
NF,F,Spk9,U_85c90b0797,925_950,Nyanja_NF_Spk9_U_85c90b0797_Utterance_9,anali kulankhuzana ndi kalaliki pamene analowa mu holo atamgwira pa dzanja,Nyanja_NF_Spk9_U_85c90b0797_Utterance_9_925_950.wav,6.513
NF,F,Spk9,U_85c90b0797,925_950,Nyanja_NF_Spk9_U_85c90b0797_Utterance_10,olowa mcibwenzi ca banja lathu wa tsopano amene anatenga maganizo anga pomwepo analowa mcipinda,Nyanja_NF_Spk9_U_85c90b0797_Utterance_10_925_950.wav,8.44
NF,F,Spk9,U_85c90b0797,925_950,Nyanja_NF_Spk9_U_85c90b0797_Utterance_11,m'mene sizinayenere kukhalira anayenera kuikidwa ngati mwana wa mfumu wa cimuna pamene anaona cisote cace ca bwino,Nyanja_NF_Spk9_U_85c90b0797_Utterance_11_925_950.wav,8.127
NF,F,Spk9,U_85c90b0797,925_950,Nyanja_NF_Spk9_U_85c90b0797_Utterance_12,sindizagwiritsa ncito zimene ndidziwa mosayenera iye anayankha mosimikidzira ndithu ndikhulupilira inu mfumu yanga,Nyanja_NF_Spk9_U_85c90b0797_Utterance_12_925_950.wav,9.24
NF,F,Spk9,U_85c90b0797,925_950,Nyanja_NF_Spk9_U_85c90b0797_Utterance_13,utsi uli kutuluka ndi mokonzekera zobvuta zakutsogolo sitima inaima nayamba kupita ca kummawa,Nyanja_NF_Spk9_U_85c90b0797_Utterance_13_925_950.wav,8.243
NF,F,Spk9,U_85c90b0797,925_950,Nyanja_NF_Spk9_U_85c90b0797_Utterance_14,izo sizizakhalitsa zizatha ndipo zinthu zizakhala momwe zinalili kale,Nyanja_NF_Spk9_U_85c90b0797_Utterance_14_925_950.wav,6.248
NF,F,Spk9,U_85c90b0797,925_950,Nyanja_NF_Spk9_U_85c90b0797_Utterance_15,kodi simunadabwe nazo onani myenda kangaude m'mene mwaikidwa m'maudzu monsemu,Nyanja_NF_Spk9_U_85c90b0797_Utterance_15_925_950.wav,7.279
NF,F,Spk9,U_85c90b0797,925_950,Nyanja_NF_Spk9_U_85c90b0797_Utterance_16,nthawi imineyo inatilodzera ku dera kumene kunali sitima ya atate ako,Nyanja_NF_Spk9_U_85c90b0797_Utterance_16_925_950.wav,5.619
NF,F,Spk9,U_85c90b0797,925_950,Nyanja_NF_Spk9_U_85c90b0797_Utterance_17,pamene ninaitanidwa  nisananene m'mene nidataila maluwa mwamsangamsanga kapena kuleka kutengako mbali ku ma sewera,Nyanja_NF_Spk9_U_85c90b0797_Utterance_17_925_950.wav,10.611
NF,F,Spk9,U_85c90b0797,925_950,Nyanja_NF_Spk9_U_85c90b0797_Utterance_18,sindikudandaula kuti zikuyenda mocedwa koma kuti nyanjai ndi yaikulu kwabasi,Nyanja_NF_Spk9_U_85c90b0797_Utterance_18_925_950.wav,5.891
NF,F,Spk9,U_85c90b0797,925_950,Nyanja_NF_Spk9_U_85c90b0797_Utterance_19,ndicoyenera kuti acite m'mene ayenera kucita mfumu inatero mokwiiya,Nyanja_NF_Spk9_U_85c90b0797_Utterance_19_925_950.wav,5.958
NF,F,Spk9,U_85c90b0797,925_950,Nyanja_NF_Spk9_U_85c90b0797_Utterance_20,sicinathe kugwedezeka kapena kuyendako mwapang'ono cinali citango imilira njii ngati dzanja la imfa,Nyanja_NF_Spk9_U_85c90b0797_Utterance_20_925_950.wav,7.947
NF,F,Spk9,U_85c90b0797,925_950,Nyanja_NF_Spk9_U_85c90b0797_Utterance_21,oho koma ndine okondwera kuona kuti malo awa atsetsedwa,Nyanja_NF_Spk9_U_85c90b0797_Utterance_21_925_950.wav,4.772
NF,F,Spk9,U_85c90b0797,925_950,Nyanja_NF_Spk9_U_85c90b0797_Utterance_22,atate aja amane ndi osakhulupililika kwa a philipo ali kupita ku za malonda,Nyanja_NF_Spk9_U_85c90b0797_Utterance_22_925_950.wav,5.851
NF,F,Spk9,U_85c90b0797,925_950,Nyanja_NF_Spk9_U_85c90b0797_Utterance_23,macokedwa a anthu kupita kumalo ena kuka khala chirimwe cija  ngakhale  kuti  makamak anthu  anali kucokera ku ngondya za calo zimene zinali zomatsuka kunasintha kwakukulu mphanvu za zipani ziwirizi,Nyanja_NF_Spk9_U_85c90b0797_Utterance_23_925_950.wav,17.891
NF,F,Spk9,U_85c90b0797,925_950,Nyanja_NF_Spk9_U_85c90b0797_Utterance_24,pamenepo mfumukazi sanaikileko wina aliyense nzeru ndipo panalibenso wina aliyense amene anawaikilako nzeru,Nyanja_NF_Spk9_U_85c90b0797_Utterance_24_925_950.wav,9.391
NF,F,Spk9,U_85c90b0797,925_950,Nyanja_NF_Spk9_U_85c90b0797_Utterance_25,inali tsiku yothera mu mwezi wa kapalepale pamene zokonza konza za sitima zidatha,Nyanja_NF_Spk9_U_85c90b0797_Utterance_25_925_950.wav,7.918
NF,F,Spk1,U_374afe899a,500_525,Nyanja_NF_Spk1_U_374afe899a_Utterance_1,otsogolera ndi mfumu ya cipolowe ophunzitsidwa nchito wa nottingham ataunga makofi ace anaophyeza montfichet,Nyanja_NF_Spk1_U_374afe899a_Utterance_1_500_525.wav,11.15
NF,F,Spk1,U_374afe899a,500_525,Nyanja_NF_Spk1_U_374afe899a_Utterance_2,pamene bwato lathu linali kuyenda zinthu zimene zimazunguluka kunsi kwace zinapanga nyimboyi ndi kuiimba m'madzi,Nyanja_NF_Spk1_U_374afe899a_Utterance_2_500_525.wav,11.69
NF,F,Spk1,U_374afe899a,500_525,Nyanja_NF_Spk1_U_374afe899a_Utterance_3,ndilibe cobvala ciliconse anayankha mzimai wozicepetsa uja,Nyanja_NF_Spk1_U_374afe899a_Utterance_3_500_525.wav,7.355
NF,F,Spk1,U_374afe899a,500_525,Nyanja_NF_Spk1_U_374afe899a_Utterance_4,servadaki anazitenga mwa masewela kuti a dobryna anali kufuna kuikamo,Nyanja_NF_Spk1_U_374afe899a_Utterance_4_500_525.wav,8.585
NF,F,Spk1,U_374afe899a,500_525,Nyanja_NF_Spk1_U_374afe899a_Utterance_5,zoipa zace za kugwiritsidwa nchito kopita patsogoro ndi kusagwiritsidwa nchito kwa zisulo,Nyanja_NF_Spk1_U_374afe899a_Utterance_5_500_525.wav,9.545
NF,F,Spk1,U_374afe899a,500_525,Nyanja_NF_Spk1_U_374afe899a_Utterance_6,ndipo mulungu atate maene anamuutsa kwa akufa,Nyanja_NF_Spk1_U_374afe899a_Utterance_6_500_525.wav,6.62
NF,F,Spk1,U_374afe899a,500_525,Nyanja_NF_Spk1_U_374afe899a_Utterance_7,ndipo ndinabwelera nitakalipilidwa kotheratu nizatenga za munjira yoipa zambiri katatu kupotsa zomwe ndagwiritsa nchito,Nyanja_NF_Spk1_U_374afe899a_Utterance_7_500_525.wav,15.605
NF,F,Spk1,U_374afe899a,500_525,Nyanja_NF_Spk1_U_374afe899a_Utterance_8,mwina cinali coyenera kusakufunsani ngati molly anali pano popeza kuti ine ndikumbukira kuti inu simukonda zophikaphika za cizungu,Nyanja_NF_Spk1_U_374afe899a_Utterance_8_500_525.wav,12.965
NF,F,Spk1,U_374afe899a,500_525,Nyanja_NF_Spk1_U_374afe899a_Utterance_9,azoimba imba ogwilira nchito pamodzi kucokera ku maiko onsewa anaimba nyimbo ndipo cakudya cotsekemera ca m' madzulo (mgonero) cinaperekedwa,Nyanja_NF_Spk1_U_374afe899a_Utterance_9_500_525.wav,17.705
NF,F,Spk1,U_374afe899a,500_525,Nyanja_NF_Spk1_U_374afe899a_Utterance_10,iyo ndiyo njira kuli inu iyo ndiye njira imene mufuna nonsenu kutipa healongs kuonongeka,Nyanja_NF_Spk1_U_374afe899a_Utterance_10_500_525.wav,10.715
NF,F,Spk1,U_374afe899a,500_525,Nyanja_NF_Spk1_U_374afe899a_Utterance_11,anali kubvutikilabe ku msokonezo wace wa m'mene anali kucitira zinthu nthawi zonse mwan kacetecete,Nyanja_NF_Spk1_U_374afe899a_Utterance_11_500_525.wav,12.005
NF,F,Spk1,U_374afe899a,500_525,Nyanja_NF_Spk1_U_374afe899a_Utterance_12,maka-maka zipangidwa kucokera ku kuika pamodzi kwa zithunzithunzi zopangidwa kuubwana,Nyanja_NF_Spk1_U_374afe899a_Utterance_12_500_525.wav,12.065
NF,F,Spk1,U_374afe899a,500_525,Nyanja_NF_Spk1_U_374afe899a_Utterance_13,ndizoonekeratu kuti munthu ndiye colankhulidwa ku zinthu zosiyana-siyana,Nyanja_NF_Spk1_U_374afe899a_Utterance_13_500_525.wav,7.97
NF,F,Spk1,U_374afe899a,500_525,Nyanja_NF_Spk1_U_374afe899a_Utterance_14,milligram amene thupi lao ndi lolemela ma kilogilamu okewanira 128 ooo,Nyanja_NF_Spk1_U_374afe899a_Utterance_14_500_525.wav,9.605
NF,F,Spk1,U_374afe899a,500_525,Nyanja_NF_Spk1_U_374afe899a_Utterance_15,koma nkhani imeneyi izakambidwa bwino ndithu titaona pa makhalidwa ya anthu a mitundu yonse(ubadwe) ya anthu,Nyanja_NF_Spk1_U_374afe899a_Utterance_15_500_525.wav,13.34
NF,F,Spk1,U_374afe899a,500_525,Nyanja_NF_Spk1_U_374afe899a_Utterance_16,eliza anatseka citseko kumbuyo kwace ndi cifuniro coti aigunditse mwadala ndipo kiyi inagwirana ndi citseko,Nyanja_NF_Spk1_U_374afe899a_Utterance_16_500_525.wav,12.215
NF,F,Spk1,U_374afe899a,500_525,Nyanja_NF_Spk1_U_374afe899a_Utterance_17,ndife okhutilitsidwa ndithu tsopano anatelo kapitawo battleax anatero akazi anga,Nyanja_NF_Spk1_U_374afe899a_Utterance_17_500_525.wav,10.595
NF,F,Spk1,U_374afe899a,500_525,Nyanja_NF_Spk1_U_374afe899a_Utterance_18,ndizapangitsa kuti iwe usandulize mu ci fulunchi ndipo  siuyenera kuopa ngati mwina ndakupeza ndi bvuto,Nyanja_NF_Spk1_U_374afe899a_Utterance_18_500_525.wav,11.285
NF,F,Spk1,U_374afe899a,500_525,Nyanja_NF_Spk1_U_374afe899a_Utterance_19,ndipo unabweleranso mosasamala kwambiri koma izo sizinasinthe ciliconse,Nyanja_NF_Spk1_U_374afe899a_Utterance_19_500_525.wav,8.315
NF,F,Spk1,U_374afe899a,500_525,Nyanja_NF_Spk1_U_374afe899a_Utterance_20,mu dziko lino ndicodziwikilatu kuti kacipinda ka panja ca kunyumba ya malamulo kudulikila mwinanso kulibeali ndi mwai,Nyanja_NF_Spk1_U_374afe899a_Utterance_20_500_525.wav,14.645
NF,F,Spk1,U_374afe899a,500_525,Nyanja_NF_Spk1_U_374afe899a_Utterance_21,ai ndakuyamikilani ndine wokondwera pokupatsani cimwemwe cotere mosabvutikila,Nyanja_NF_Spk1_U_374afe899a_Utterance_21_500_525.wav,9.53
NF,F,Spk1,U_374afe899a,500_525,Nyanja_NF_Spk1_U_374afe899a_Utterance_22,izo ndizo ufuna kumacita eti,Nyanja_NF_Spk1_U_374afe899a_Utterance_22_500_525.wav,3.71
NF,F,Spk1,U_374afe899a,500_525,Nyanja_NF_Spk1_U_374afe899a_Utterance_23,mzimai osadziwika uja ndi zonena zace za kumtima zimene zinanenedwa mwacangu anaopyeza onsewo,Nyanja_NF_Spk1_U_374afe899a_Utterance_23_500_525.wav,11.18
NF,F,Spk1,U_374afe899a,500_525,Nyanja_NF_Spk1_U_374afe899a_Utterance_24,ndine wotopa kwambiri kumanghokhala nekha pano,Nyanja_NF_Spk1_U_374afe899a_Utterance_24_500_525.wav,6.05
NF,F,Spk1,U_374afe899a,500_525,Nyanja_NF_Spk1_U_374afe899a_Utterance_25,zambiri monga za mutu wa buku la m'mbaibulo yocedwa episikopo tsopano pakubwera moni wa atumwi mzera wa citatu,Nyanja_NF_Spk1_U_374afe899a_Utterance_25_500_525.wav,14.255
NF,F,Spk1,U_374afe899a,525_550,Nyanja_NF_Spk1_U_374afe899a_Utterance_1,sitizalankhulanso pa iye ngati inu simukufuna indetu,Nyanja_NF_Spk1_U_374afe899a_Utterance_1_525_550.wav,5.93
NF,F,Spk1,U_374afe899a,525_550,Nyanja_NF_Spk1_U_374afe899a_Utterance_2,njira zako lute zimandiyetsa konenetsa ndi azibale ako onse,Nyanja_NF_Spk1_U_374afe899a_Utterance_2_525_550.wav,8.09
NF,F,Spk1,U_374afe899a,525_550,Nyanja_NF_Spk1_U_374afe899a_Utterance_3,tacokelra kumalo oziimilila okha opambana malo ano oziimilila okha,Nyanja_NF_Spk1_U_374afe899a_Utterance_3_525_550.wav,7.73
NF,F,Spk1,U_374afe899a,525_550,Nyanja_NF_Spk1_U_374afe899a_Utterance_4,popanda ma buku ace olembamo zinthu zithunzi-thunzi makemiko ace ndi maonekedwe/mabvalidwe ace osaoneka bwino akunyumba anali munthu osamasuka bwino,Nyanja_NF_Spk1_U_374afe899a_Utterance_4_525_550.wav,15.425
NF,F,Spk1,U_374afe899a,525_550,Nyanja_NF_Spk1_U_374afe899a_Utterance_5,munny ine tould ike ndifuna kucita mu nkhokwe kwa tonny kukaona a whittawd,Nyanja_NF_Spk1_U_374afe899a_Utterance_5_525_550.wav,7.805
NF,F,Spk1,U_374afe899a,525_550,Nyanja_NF_Spk1_U_374afe899a_Utterance_6,anandikondweretsa ine cifukwa cokhala munthu wa cikhulupiliro kwambiri,Nyanja_NF_Spk1_U_374afe899a_Utterance_6_525_550.wav,7.13
NF,F,Spk1,U_374afe899a,525_550,Nyanja_NF_Spk1_U_374afe899a_Utterance_7,ndipo kulibe nzeru za kale zimene ziyenera kutengedwa kupyolera mu kumanva cizolowezi cokha,Nyanja_NF_Spk1_U_374afe899a_Utterance_7_525_550.wav,10.025
NF,F,Spk1,U_374afe899a,525_550,Nyanja_NF_Spk1_U_374afe899a_Utterance_8,pearl anabadwa okanidwa mu calo ca ana ang'ono-ang'ono,Nyanja_NF_Spk1_U_374afe899a_Utterance_8_525_550.wav,5.945
NF,F,Spk1,U_374afe899a,525_550,Nyanja_NF_Spk1_U_374afe899a_Utterance_9,jaki azakhala mwamuna wa eva osangalala ndipo angakhale pakati pa zinchito zimene calo cifunitsitsa,Nyanja_NF_Spk1_U_374afe899a_Utterance_9_525_550.wav,10.925
NF,F,Spk1,U_374afe899a,525_550,Nyanja_NF_Spk1_U_374afe899a_Utterance_10,nciani cimene ndinamuuza bambo kodi ndili ndi mwai wapadera kuti ndingathe kukuonani,Nyanja_NF_Spk1_U_374afe899a_Utterance_10_525_550.wav,9.95
NF,F,Spk1,U_374afe899a,525_550,Nyanja_NF_Spk1_U_374afe899a_Utterance_11,anakhala pansi ali wodabwa/wosokonezeka m'maganizo ndipo cinthu cimozi anali kuganizapo kopotsa cinali zola,Nyanja_NF_Spk1_U_374afe899a_Utterance_11_525_550.wav,10.61
NF,F,Spk1,U_374afe899a,525_550,Nyanja_NF_Spk1_U_374afe899a_Utterance_12,magome anaikidwa pa maudzu  ndipo cakudya cokoma cinali pafupi kuikidwapo,Nyanja_NF_Spk1_U_374afe899a_Utterance_12_525_550.wav,8.795
NF,F,Spk1,U_374afe899a,525_550,Nyanja_NF_Spk1_U_374afe899a_Utterance_13,cobitsira pa gome ndicolinga coti pathumecopangidwa ndi zidunswa za nsalu zosiyana mitundu zitasokedwa bwino zonse,Nyanja_NF_Spk1_U_374afe899a_Utterance_13_525_550.wav,11.39
NF,F,Spk1,U_374afe899a,525_550,Nyanja_NF_Spk1_U_374afe899a_Utterance_14,koma cimpalangondo m'malo moti amverele anakhalilila pa mpando umene anakhala nayamba kulila,Nyanja_NF_Spk1_U_374afe899a_Utterance_14_525_550.wav,9.215
NF,F,Spk1,U_374afe899a,525_550,Nyanja_NF_Spk1_U_374afe899a_Utterance_15,ndine wamtali tsopano ndipo misambo zanga ndizogawanitsika monga m'mene zinalili zija zimene zinatengedwa caka chatha oo,Nyanja_NF_Spk1_U_374afe899a_Utterance_15_525_550.wav,12.005
NF,F,Spk1,U_374afe899a,525_550,Nyanja_NF_Spk1_U_374afe899a_Utterance_16,koma philippo ndi wacilungamo ndipo ali ndi luso yokwanira ngati anghathe kuleka kulemba--lemba pofuna kupeza njira yace,Nyanja_NF_Spk1_U_374afe899a_Utterance_16_525_550.wav,11.105
NF,F,Spk1,U_374afe899a,525_550,Nyanja_NF_Spk1_U_374afe899a_Utterance_17,anaimililabe motsutsana ndi ziimene anali kunena(kumunamidzira) nayankha zonena zao mozemba mogwiritsa nchito mau ofewa,Nyanja_NF_Spk1_U_374afe899a_Utterance_17_525_550.wav,12.59
NF,F,Spk1,U_374afe899a,525_550,Nyanja_NF_Spk1_U_374afe899a_Utterance_18,cingakhale coneka ngati mwina nsomba ya ukulu wotere inali cakudya cokwanira ndithu,Nyanja_NF_Spk1_U_374afe899a_Utterance_18_525_550.wav,8.855
NF,F,Spk1,U_374afe899a,525_550,Nyanja_NF_Spk1_U_374afe899a_Utterance_19,pulumutsa mtima wakowo ku zobvuto zimene zimabwera utakhala mu cikondi ndi mzimai amene amuna ace anamwalira,Nyanja_NF_Spk1_U_374afe899a_Utterance_19_525_550.wav,10.805
NF,F,Spk1,U_374afe899a,525_550,Nyanja_NF_Spk1_U_374afe899a_Utterance_20,ndipo zisakhileni nokha kunyamuka mwamsanga kapena kucedwako pang'ono,Nyanja_NF_Spk1_U_374afe899a_Utterance_20_525_550.wav,7.235
NF,F,Spk1,U_374afe899a,525_550,Nyanja_NF_Spk1_U_374afe899a_Utterance_21,ndipo anasamila ku cipupa atatsowa mu mapempero,Nyanja_NF_Spk1_U_374afe899a_Utterance_21_525_550.wav,5.525
NF,F,Spk1,U_374afe899a,525_550,Nyanja_NF_Spk1_U_374afe899a_Utterance_22,koma ndakhala ndikucita zimenezi mwakanthawi pa nthawi zina,Nyanja_NF_Spk1_U_374afe899a_Utterance_22_525_550.wav,5.6
NF,F,Spk1,U_374afe899a,525_550,Nyanja_NF_Spk1_U_374afe899a_Utterance_23,inde koma ico ndico ubwinoo wace wa zofuna zace,Nyanja_NF_Spk1_U_374afe899a_Utterance_23_525_550.wav,5.285
NF,F,Spk1,U_374afe899a,525_550,Nyanja_NF_Spk1_U_374afe899a_Utterance_24,coyamba ca zopeza zathu zimene zili zosamveka bwino koma zosatsutsika ndi cakuti kuli kudziwa za kale,Nyanja_NF_Spk1_U_374afe899a_Utterance_24_525_550.wav,10.805
NF,F,Spk1,U_374afe899a,525_550,Nyanja_NF_Spk1_U_374afe899a_Utterance_25,nga ndi zaichthyosaurus kodi abwelera ku mphako yace ya kumadzi,Nyanja_NF_Spk1_U_374afe899a_Utterance_25_525_550.wav,6.425
NF,F,Spk2,U_0622979829,550_575,Nyanja_NF_Spk2_U_0622979829_Utterance_1,ndi zakuda m'nthawi ya tsoka kapena zobvuta ndizodelatu cimodzi-modzi ngati uli mu milandu uku kuda kuwiri kulumikizana napanga cilankhulo cina,Nyanja_NF_Spk2_U_0622979829_Utterance_1_550_575.wav,8.93
NF,F,Spk2,U_0622979829,550_575,Nyanja_NF_Spk2_U_0622979829_Utterance_2,koma kuculuka kwa kuiwalilila kunkacitika kunalenga kuti iye azikhala okumbukira kwambiri atauka,Nyanja_NF_Spk2_U_0622979829_Utterance_2_550_575.wav,7.487
NF,F,Spk2,U_0622979829,550_575,Nyanja_NF_Spk2_U_0622979829_Utterance_3,ganizo ili silinalowe mu mitu ya aja awiri achimwemwe,Nyanja_NF_Spk2_U_0622979829_Utterance_3_550_575.wav,4.588
NF,F,Spk2,U_0622979829,550_575,Nyanja_NF_Spk2_U_0622979829_Utterance_4,ndifuna kucita zinthu pa ndekha,Nyanja_NF_Spk2_U_0622979829_Utterance_4_550_575.wav,2.326
NF,F,Spk2,U_0622979829,550_575,Nyanja_NF_Spk2_U_0622979829_Utterance_5,atango siliza kuika atsilikali m'malo mwao msilikali anaceukila kumene kunali davide namuuza zimene anayenera kucita asanapite,Nyanja_NF_Spk2_U_0622979829_Utterance_5_550_575.wav,10.082
NF,F,Spk2,U_0622979829,550_575,Nyanja_NF_Spk2_U_0622979829_Utterance_6,koma cresswell anaonjedza mwakukulu kukwanilitsa kumasiyana kwambiri pakati pa mitundu/mbadwa,Nyanja_NF_Spk2_U_0622979829_Utterance_6_550_575.wav,5.711
NF,F,Spk2,U_0622979829,550_575,Nyanja_NF_Spk2_U_0622979829_Utterance_7,kopanda kudera nkhawa iye anakulandirani bwino poti inu munabwelera kopanda cilolezo,Nyanja_NF_Spk2_U_0622979829_Utterance_7_550_575.wav,6.141
NF,F,Spk2,U_0622979829,550_575,Nyanja_NF_Spk2_U_0622979829_Utterance_8,ndipo henule angabwelere ku mangalande nthawi iliyonse,Nyanja_NF_Spk2_U_0622979829_Utterance_8_550_575.wav,3.505
NF,F,Spk2,U_0622979829,550_575,Nyanja_NF_Spk2_U_0622979829_Utterance_9,kodi nciani cimene ndingacitire dzimbiri (nguwe) ndi kukhala opusa pokhala osacita kanthu kalikonse cifukwa ndine mkazi,Nyanja_NF_Spk2_U_0622979829_Utterance_9_550_575.wav,8.389
NF,F,Spk2,U_0622979829,550_575,Nyanja_NF_Spk2_U_0622979829_Utterance_10,chifundo citengera ku khululukila macimo mtendere ndi maganizo osangalala,Nyanja_NF_Spk2_U_0622979829_Utterance_10_550_575.wav,5.545
NF,F,Spk2,U_0622979829,550_575,Nyanja_NF_Spk2_U_0622979829_Utterance_11,poikapo ganizo pa zokambirana izi ndizanena cimodzimwa izi motheratu,Nyanja_NF_Spk2_U_0622979829_Utterance_11_550_575.wav,6.322
NF,F,Spk2,U_0622979829,550_575,Nyanja_NF_Spk2_U_0622979829_Utterance_12,pamenepo mtolo unatseguka(unamasuka) mwazizizi ndipo momwemo munatuluka phronsie,Nyanja_NF_Spk2_U_0622979829_Utterance_12_550_575.wav,6.96
NF,F,Spk2,U_0622979829,550_575,Nyanja_NF_Spk2_U_0622979829_Utterance_13,cifungo coipa ca nayitrogeni cidzadza m'mphepo nalowa kukhosi(ku nkwiko) nazaza mapwapwa,Nyanja_NF_Spk2_U_0622979829_Utterance_13_550_575.wav,7.307
NF,F,Spk2,U_0622979829,550_575,Nyanja_NF_Spk2_U_0622979829_Utterance_14,m'mubutsa analeka kulankhula mwapang'ono ndipo ali kugwedeza manja ace ogwirana patsogolo pace anapitiliza,Nyanja_NF_Spk2_U_0622979829_Utterance_14_550_575.wav,8.278
NF,F,Spk2,U_0622979829,550_575,Nyanja_NF_Spk2_U_0622979829_Utterance_15,ici kopanda kukumbukira mu zowawa za mtima ni momwemo zikuyenda,Nyanja_NF_Spk2_U_0622979829_Utterance_15_550_575.wav,5.156
NF,F,Spk2,U_0622979829,550_575,Nyanja_NF_Spk2_U_0622979829_Utterance_16,iye anadziwa kuti gomeza wace wa siliva  ndi wa zola unali utaonongeka,Nyanja_NF_Spk2_U_0622979829_Utterance_16_550_575.wav,5.892
NF,F,Spk2,U_0622979829,550_575,Nyanja_NF_Spk2_U_0622979829_Utterance_17,ndiye tsopano ennis ndinenetsa kuti uli ndi mutu ndi conco ndi ka mtengo kanga,Nyanja_NF_Spk2_U_0622979829_Utterance_17_550_575.wav,6.308
NF,F,Spk2,U_0622979829,550_575,Nyanja_NF_Spk2_U_0622979829_Utterance_18,mwamwai anatero bambo vanderpool ocokera ca kumpoto ndi a kumwera alipafupi kufika kugwirizana mzolankhula zao pa zambiri mwa nkhani zimenezi,Nyanja_NF_Spk2_U_0622979829_Utterance_18_550_575.wav,9.374
NF,F,Spk2,U_0622979829,550_575,Nyanja_NF_Spk2_U_0622979829_Utterance_19,ngati mwa nthawi zonse palibe cimene cinacitika mu njira ya cilango,Nyanja_NF_Spk2_U_0622979829_Utterance_19_550_575.wav,4.99
NF,F,Spk2,U_0622979829,550_575,Nyanja_NF_Spk2_U_0622979829_Utterance_20,rodolfo anafika panyumba yace kopanda,Nyanja_NF_Spk2_U_0622979829_Utterance_20_550_575.wav,3.852
NF,F,Spk2,U_0622979829,550_575,Nyanja_NF_Spk2_U_0622979829_Utterance_21,koma sicimtengo ca moto cimene anali kulankhulapo,Nyanja_NF_Spk2_U_0622979829_Utterance_21_550_575.wav,4.199
NF,F,Spk2,U_0622979829,550_575,Nyanja_NF_Spk2_U_0622979829_Utterance_22,patsogoro pao woyendayo anathawa ali ana ace amuna atatu opanda zitsote ndiponso ali ndi mantha,Nyanja_NF_Spk2_U_0622979829_Utterance_22_550_575.wav,7.196
NF,F,Spk2,U_0622979829,550_575,Nyanja_NF_Spk2_U_0622979829_Utterance_23,komabe iye amene anena kuti kuunika sikuyelekezera cimwemwe,Nyanja_NF_Spk2_U_0622979829_Utterance_23_550_575.wav,5.267
NF,F,Spk2,U_0622979829,550_575,Nyanja_NF_Spk2_U_0622979829_Utterance_24,chiliconse cimende mfumu chelford ananena mai brandon anacilandira bwino ndi cimwemwe nthawi imeneyo,Nyanja_NF_Spk2_U_0622979829_Utterance_24_550_575.wav,7.89
NF,F,Spk2,U_0622979829,575_600,Nyanja_NF_Spk2_U_0622979829_Utterance_1,kabungwe koimilira anthu kanapeza njira yocitiramo zimenezi,Nyanja_NF_Spk2_U_0622979829_Utterance_1_575_600.wav,4.615
NF,F,Spk2,U_0622979829,575_600,Nyanja_NF_Spk2_U_0622979829_Utterance_2,iye anadzima moto nagweranso mu mpando wace,Nyanja_NF_Spk2_U_0622979829_Utterance_2_575_600.wav,3.575
NF,F,Spk2,U_0622979829,575_600,Nyanja_NF_Spk2_U_0622979829_Utterance_3,kodi cinabwera bwanji inu kusiya maki kucitseko,Nyanja_NF_Spk2_U_0622979829_Utterance_3_575_600.wav,4.005
NF,F,Spk2,U_0622979829,575_600,Nyanja_NF_Spk2_U_0622979829_Utterance_4,mnjira iliyonse ndi cokondweletsa kwambiri ndipo ndinghathe kucita kukambisana kopanda bvuto ili yonse,Nyanja_NF_Spk2_U_0622979829_Utterance_4_575_600.wav,7.279
NF,F,Spk2,U_0622979829,575_600,Nyanja_NF_Spk2_U_0622979829_Utterance_5,kufewa ko kongola kwa maudzu ya mu mitengo cimwemwe cimene cibwenzi cako cibweletsa pa ine,Nyanja_NF_Spk2_U_0622979829_Utterance_5_575_600.wav,6.641
NF,F,Spk2,U_0622979829,575_600,Nyanja_NF_Spk2_U_0622979829_Utterance_6,cifundu ca mulungu cikhale nanu ndi mtendere wa mulungu atate ndi wa ambuye yesu kristu,Nyanja_NF_Spk2_U_0622979829_Utterance_6_575_600.wav,6.017
NF,F,Spk2,U_0622979829,575_600,Nyanja_NF_Spk2_U_0622979829_Utterance_7,kupyolera mu kupalasa kwa asilikali kupitila m'maphiri amene anali kubvuta kupitamo mtsilikali wamkulu ocedwa genilo anazimasula nathawa  atsilikali amphamvu a dzipangano za mpanvu za ku scotland,Nyanja_NF_Spk2_U_0622979829_Utterance_7_575_600.wav,12.469
NF,F,Spk2,U_0622979829,575_600,Nyanja_NF_Spk2_U_0622979829_Utterance_8,mwadzidzidzi ndi colinga cokhazikitsa batha ndi mtendere bambo spring anadulikira ndi  bwaro ya milandu yace  yonse,Nyanja_NF_Spk2_U_0622979829_Utterance_8_575_600.wav,7.265
NF,F,Spk2,U_0622979829,575_600,Nyanja_NF_Spk2_U_0622979829_Utterance_9,nyanja inali italingana ndenende ndi zomangidwa zimene ziletsa kutaikira kwa madzi a mnyanja mulungu wathau mpaka lero,Nyanja_NF_Spk2_U_0622979829_Utterance_9_575_600.wav,8.264
NF,F,Spk2,U_0622979829,575_600,Nyanja_NF_Spk2_U_0622979829_Utterance_10,sindili mu njira ili yonse wokalamba unatero mtengo wa nkhuyu,Nyanja_NF_Spk2_U_0622979829_Utterance_10_575_600.wav,4.629
NF,F,Spk2,U_0622979829,575_600,Nyanja_NF_Spk2_U_0622979829_Utterance_11,zonse pa iye zinali msokonedzo wa kuwala ndi mitundu yomwadzikana mu kukankidwa momwazidwa,Nyanja_NF_Spk2_U_0622979829_Utterance_11_575_600.wav,6.655
NF,F,Spk2,U_0622979829,575_600,Nyanja_NF_Spk2_U_0622979829_Utterance_12,kwa nthawi yaitali panalibe amene analankhula pakati pa hilda ndi bartley,Nyanja_NF_Spk2_U_0622979829_Utterance_12_575_600.wav,5.253
NF,F,Spk2,U_0622979829,575_600,Nyanja_NF_Spk2_U_0622979829_Utterance_13,ndimakukondabe lakele ndikhulupilira nzakukondabe,Nyanja_NF_Spk2_U_0622979829_Utterance_13_575_600.wav,5.587
NF,F,Spk2,U_0622979829,575_600,Nyanja_NF_Spk2_U_0622979829_Utterance_14,m'madzulo ndimaulula ndimaganizira koma sindimabvutitsa wina aliyense ndi maganizo anga,Nyanja_NF_Spk2_U_0622979829_Utterance_14_575_600.wav,7.696
NF,F,Spk2,U_0622979829,575_600,Nyanja_NF_Spk2_U_0622979829_Utterance_15,sidzidzakhala zambiri koma ndine wothokodza kupedza mzanga,Nyanja_NF_Spk2_U_0622979829_Utterance_15_575_600.wav,4.407
NF,F,Spk2,U_0622979829,575_600,Nyanja_NF_Spk2_U_0622979829_Utterance_16,atsikana acicepele anali atazicepetsadi indedi osagonjetsedwa,Nyanja_NF_Spk2_U_0622979829_Utterance_16_575_600.wav,6.114
NF,F,Spk2,U_0622979829,575_600,Nyanja_NF_Spk2_U_0622979829_Utterance_17,anthu ambiri amalankhula kwambiri kotero kuti ndi cinthu cabwino kupedza muntu amene salankhulitsa,Nyanja_NF_Spk2_U_0622979829_Utterance_17_575_600.wav,6.613
NF,F,Spk2,U_0622979829,575_600,Nyanja_NF_Spk2_U_0622979829_Utterance_18,kodi ndinali mcipinda cothuma ndithu mmene mulii zabwino ndi zotsekemera zonse,Nyanja_NF_Spk2_U_0622979829_Utterance_18_575_600.wav,6.086
NF,F,Spk2,U_0622979829,575_600,Nyanja_NF_Spk2_U_0622979829_Utterance_19,nga muntu wina aliyense ku ma ngalandeninganene tero anatero gamewell modzinva cimene cinali mu tsiku lace,Nyanja_NF_Spk2_U_0622979829_Utterance_19_575_600.wav,7.64
NF,F,Spk2,U_0622979829,575_600,Nyanja_NF_Spk2_U_0622979829_Utterance_20,sianali ndi pafupi komwe ndi kupeza yankho ya mabvuto ao,Nyanja_NF_Spk2_U_0622979829_Utterance_20_575_600.wav,4.296
NF,F,Spk2,U_0622979829,575_600,Nyanja_NF_Spk2_U_0622979829_Utterance_21,sindinafune kuti ndicite tero ananena kapitawo ocedwa dzina loti battleax polankhulapo pa nkhani zodziwika pa nthawi ngati iyi,Nyanja_NF_Spk2_U_0622979829_Utterance_21_575_600.wav,9.694
NF,F,Spk2,U_0622979829,575_600,Nyanja_NF_Spk2_U_0622979829_Utterance_22,kuli ndithu cifukwa cabwino colekera kucita mwapang'ono ndi kuganiza ngakhale ndi munthu osatengeka mtima padziko,Nyanja_NF_Spk2_U_0622979829_Utterance_22_575_600.wav,7.46
NF,F,Spk2,U_0622979829,575_600,Nyanja_NF_Spk2_U_0622979829_Utterance_23,zizakhala zilibe nchito kugwetsa mitu yao pansi nanena bweraninso pano pamwamba okondedwa anga,Nyanja_NF_Spk2_U_0622979829_Utterance_23_575_600.wav,8.042
NF,F,Spk2,U_0622979829,575_600,Nyanja_NF_Spk2_U_0622979829_Utterance_24,mkhalidwe wao wosiyana nawonso uonetsa ukulu ndi kutsiyana kosalepheleka,Nyanja_NF_Spk2_U_0622979829_Utterance_24_575_600.wav,5.989
NF,F,Spk2,U_0622979829,575_600,Nyanja_NF_Spk2_U_0622979829_Utterance_25,koma a kapitao bill sanayese mpang'ono ponse cifukwa iye anazindikira kuti kutero kunali kungotaya nthawi,Nyanja_NF_Spk2_U_0622979829_Utterance_25_575_600.wav,8.195
